title,year,category,genre
Stardust,2007,movies,Drama / Romantický / Válečný / Mysteriózní
Jurassic Park,1993,movies,Drama / Romantický / Válečný / Mysteriózní
The Town,2010,movies,Drama / Romantický / Válečný / Mysteriózní
The Little Prince,2015,movies,Drama / Romantický / Válečný / Mysteriózní
Scarface,1983,movies,Drama / Romantický / Válečný / Mysteriózní
The Constant Gardener,2005,movies,Drama / Romantický / Válečný / Mysteriózní
Back to the Future,1985,movies,Drama / Romantický / Válečný / Mysteriózní
Rosemary's Baby,1968,movies,Drama / Romantický / Válečný / Mysteriózní
"Crouching Tiger, Hidden Dragon",2000,movies,Drama / Romantický / Válečný / Mysteriózní
E.T. the Extra-Terrestrial,1982,movies,Drama / Romantický / Válečný / Mysteriózní
How to Train Your Dragon 2,2014,movies,Drama / Romantický / Válečný / Mysteriózní
Call Me by Your Name,2017,movies,Drama / Romantický / Válečný / Mysteriózní
Hotel Transylvania,2010,movies,Drama / Romantický / Válečný / Mysteriózní
Scent of a Woman,1992,movies,Drama / Romantický / Válečný / Mysteriózní
Lost in Translation,2003,movies,Drama / Romantický / Válečný / Mysteriózní
Blade Runner 2049,2017,movies,Drama / Romantický / Válečný / Mysteriózní
Hugo,2011,movies,Drama / Romantický / Válečný / Mysteriózní
Black Friday,2004,movies,Drama / Romantický / Válečný / Mysteriózní
Scott Pilgrim vs. the World,2010,movies,Drama / Romantický / Válečný / Mysteriózní
American Gangster,2007,movies,Drama / Romantický / Válečný / Mysteriózní
1917,2019,movies,Drama / Romantický / Válečný / Mysteriózní
High Noon,1952,movies,Drama / Romantický / Válečný / Mysteriózní
Jaws,1975,movies,Drama / Romantický / Válečný / Mysteriózní
Apollo 13,1995,movies,Drama / Romantický / Válečný / Mysteriózní
The World's End,2013,movies,Drama / Romantický / Válečný / Mysteriózní
The Legend of Bhagat Singh,2002,movies,Drama / Romantický / Válečný / Mysteriózní
Les Miserables,2012,movies,Drama / Romantický / Válečný / Mysteriózní
David Attenborough: A Life on Our Planet,2020,movies,Drama / Romantický / Válečný / Mysteriózní
Spider-Man: Into the Spider-Verse,2018,movies,Drama / Romantický / Válečný / Mysteriózní
Glory,1989,movies,Drama / Romantický / Válečný / Mysteriózní
Halloween,1978,movies,Drama / Romantický / Válečný / Mysteriózní
Ankhon Dekhi,2013,movies,Drama / Romantický / Válečný / Mysteriózní
Jab We Met,2007,movies,Drama / Romantický / Válečný / Mysteriózní
Dog Day Afternoon,1975,movies,Drama / Romantický / Válečný / Mysteriózní
Tucker and Dale vs. Evil,2010,movies,Drama / Romantický / Válečný / Mysteriózní
American Psycho,2000,movies,Drama / Romantický / Válečný / Mysteriózní
Monster,2003,movies,Drama / Romantický / Válečný / Mysteriózní
Hachi: A Dog's Tale,2009,movies,Drama / Romantický / Válečný / Mysteriózní
PK,2014,movies,Drama / Romantický / Válečný / Mysteriózní
Blow,2001,movies,Drama / Romantický / Válečný / Mysteriózní
Rang De Basanti,2006,movies,Drama / Romantický / Válečný / Mysteriózní
Star Trek,2009,movies,Drama / Romantický / Válečný / Mysteriózní
Cast Away,2000,movies,Drama / Romantický / Válečný / Mysteriózní
Indiana Jones and the Last Crusade,1989,movies,Drama / Romantický / Válečný / Mysteriózní
Traffic,2000,movies,Drama / Romantický / Válečný / Mysteriózní
Midnight in Paris,2011,movies,Drama / Romantický / Válečný / Mysteriózní
Drishyam,2015,movies,Drama / Romantický / Válečný / Mysteriózní
Special 26,2013,movies,Drama / Romantický / Válečný / Mysteriózní
Oh My God,2012,movies,Drama / Romantický / Válečný / Mysteriózní
Madras Cafe,2013,movies,Drama / Romantický / Válečný / Mysteriózní
Queen,2014,movies,Drama / Romantický / Válečný / Mysteriózní
The Devil's Advocate,1997,movies,Drama / Romantický / Válečný / Mysteriózní
It's Kind of a Funny Story,2010,movies,Drama / Romantický / Válečný / Mysteriózní
Watchmen,2009,movies,Drama / Romantický / Válečný / Mysteriózní
Southpaw,2015,movies,Drama / Romantický / Válečný / Mysteriózní
Black Hawk Down,2001,movies,Drama / Romantický / Válečný / Mysteriózní
La La Land,2016,movies,Drama / Romantický / Válečný / Mysteriózní
Indiana Jones and the Raiders of the Lost Ark,1981,movies,Drama / Romantický / Válečný / Mysteriózní
The Hunger Games,2005,movies,Drama / Romantický / Válečný / Mysteriózní
The Hateful Eight,2015,movies,Drama / Romantický / Válečný / Mysteriózní
Transformers,2007,movies,Drama / Romantický / Válečný / Mysteriózní
The Hunger Games: Catching Fire,2013,movies,Drama / Romantický / Válečný / Mysteriózní
Indiana Jones and the Temple of Doom,1984,movies,Drama / Romantický / Válečný / Mysteriózní
Inglourious Basterds,2009,movies,Drama / Romantický / Válečný / Mysteriózní
Inside Man,2006,movies,Drama / Romantický / Válečný / Mysteriózní
The Godfather: Part III,1990,movies,Drama / Romantický / Válečný / Mysteriózní
The Godfather: Part II,1974,movies,Drama / Romantický / Válečný / Mysteriózní
GoodFellas,1990,movies,Drama / Romantický / Válečný / Mysteriózní
Ponyo,2008,movies,Drama / Romantický / Válečný / Mysteriózní
Kal Ho Naa Ho,2003,movies,Drama / Romantický / Válečný / Mysteriózní
Howl's Moving Castle ,2004,movies,Drama / Romantický / Válečný / Mysteriózní
Close Encounters of the Third Kind,1977,movies,Drama / Romantický / Válečný / Mysteriózní
Legends of the Fall,1994,movies,Drama / Romantický / Válečný / Mysteriózní
The Godfather,1972,movies,Drama / Romantický / Válečný / Mysteriózní
Wallace & Gromit: The Curse of the Were-Rabbit,2005,movies,Drama / Romantický / Válečný / Mysteriózní
How to Train Your Dragon,2001,movies,Drama / Romantický / Válečný / Mysteriózní
Kung Fu Panda,2008,movies,Drama / Romantický / Válečný / Mysteriózní
Megamind,2013,movies,Drama / Romantický / Válečný / Mysteriózní
Brokeback Mountain,2005,movies,Drama / Romantický / Válečný / Mysteriózní
Easy A,2010,movies,Drama / Romantický / Válečný / Mysteriózní
Nausicaa of the Valley of the Wind,1984,movies,Drama / Romantický / Válečný / Mysteriózní
Wonder,2017,movies,Drama / Romantický / Válečný / Mysteriózní
Kiki's Delivery Service ,1989,movies,Drama / Romantický / Válečný / Mysteriózní
Hum Aapke Hain Koun,1994,movies,Drama / Romantický / Válečný / Mysteriózní
John Wick: Chapter 3 – Parabellum,2019,movies,Drama / Romantický / Válečný / Mysteriózní
Castle in the Sky ,1986,movies,Drama / Romantický / Válečný / Mysteriózní
My Neighbor Totoro ,1988,movies,Drama / Romantický / Válečný / Mysteriózní
Donnie Brasco,1997,movies,Drama / Romantický / Válečný / Mysteriózní
Dil Chahta Hai,2001,movies,Drama / Romantický / Válečný / Mysteriózní
Zindagi Na Milegi Dobara,2011,movies,Drama / Romantický / Válečný / Mysteriózní
Marriage Story,2019,movies,Drama / Romantický / Válečný / Mysteriózní
The Fifth Element,1997,movies,Drama / Romantický / Válečný / Mysteriózní
Ghostbusters,1984,movies,Drama / Romantický / Válečný / Mysteriózní
The Irishman,2019,movies,Drama / Romantický / Válečný / Mysteriózní
Klaus,2019,movies,Drama / Romantický / Válečný / Mysteriózní
John Wick: Chapter Two,2017,movies,Drama / Romantický / Válečný / Mysteriózní
The Social Network,2010,movies,Drama / Romantický / Válečný / Mysteriózní
Seven Years in Tibet,1997,movies,Drama / Romantický / Válečný / Mysteriózní
Dave Chappelle: Sticks and Stones,2019,movies,Drama / Romantický / Válečný / Mysteriózní
Kahaani,2012,movies,Drama / Romantický / Válečný / Mysteriózní
The Butterfly's Dream,2013,movies,Drama / Romantický / Válečný / Mysteriózní
Andhadhun,2018,movies,Drama / Romantický / Válečný / Mysteriózní
ROMA,2018,movies,Drama / Romantický / Válečný / Mysteriózní
Dallas Buyer's Club,2013,movies,Drama / Romantický / Válečný / Mysteriózní
Barfi!,2012,movies,Drama / Romantický / Válečný / Mysteriózní
The Lincoln Lawyer,2011,movies,Drama / Romantický / Válečný / Mysteriózní
"Swades: We, the People",2004,movies,Drama / Romantický / Válečný / Mysteriózní
The Notebook,2004,movies,Drama / Romantický / Válečný / Mysteriózní
Ocean's Eleven,2001,movies,Drama / Romantický / Válečný / Mysteriózní
The Blind Side,2009,movies,Drama / Romantický / Válečný / Mysteriózní
Seven,1995,movies,Drama / Romantický / Válečný / Mysteriózní
Gravity,2013,movies,Drama / Romantický / Válečný / Mysteriózní
Baahubali: The Beginning,2015,movies,Drama / Romantický / Válečný / Mysteriózní
Baahubali 2: The Conclusion,2017,movies,Drama / Romantický / Válečný / Mysteriózní
Contratiempo,2016,movies,Drama / Romantický / Válečný / Mysteriózní
Okja,2017,movies,Drama / Romantický / Válečný / Mysteriózní
Dangal,2016,movies,Drama / Romantický / Válečný / Mysteriózní
Kabhi Haan Kabhi Naa,1994,movies,Drama / Romantický / Válečný / Mysteriózní
Dear Zindagi,2016,movies,Drama / Romantický / Válečný / Mysteriózní
100 Metros,2016,movies,Drama / Romantický / Válečný / Mysteriózní
Pink,2016,movies,Drama / Romantický / Válečný / Mysteriózní
Udta Punjab,2016,movies,Drama / Romantický / Válečný / Mysteriózní
Interrogation,2015,movies,Drama / Romantický / Válečný / Mysteriózní
Divines,2016,movies,Drama / Romantický / Válečný / Mysteriózní
